{
    "16": [
        [
            0.0396581149532685,
            0.06414898650341312
        ],
        [
            -0.016985213441854802,
            -0.006186132265599305
        ],
        [
            -0.09019420917251189,
            -0.13262019357817836
        ],
        [
            -0.12087111443889531,
            -0.1647435775383022
        ],
        [
            -0.1447408303689502,
            -0.17124347520892164
        ],
        [
            -0.175860618321049,
            -0.15731474375336524
        ],
        [
            -0.20650083041384704,
            -0.11132420086605145
        ],
        [
            -0.22603059951885546,
            -0.05873316729620227
        ],
        [
            -0.2345126064457732,
            0.00532799653774791
        ],
        [
            -0.21373722754989913,
            0.0970136272229176
        ],
        [
            -0.15614746604374755,
            0.16347053490972505
        ],
        [
            -0.10616561916260157,
            0.19272289080981655
        ],
        [
            -0.02520362728308252,
            0.21557421772929317
        ],
        [
            0.028356617448913192,
            0.21637474166008105
        ],
        [
            0.08673939019718953,
            0.18240102107692957
        ],
        [
            0.10752880866351426,
            0.13477493421794517
        ],
        [
            0.12953836007487554,
            0.0273060567739899
        ],
        [
            0.1263197447369743,
            -0.014030510987901996
        ],
        [
            0.10216600101712271,
            -0.07399964686672067
        ],
        [
            0.13134115078007536,
            -0.05598470609437845
        ],
        [
            0.16316652871345405,
            0.051373918462215784
        ]
    ],
    "13": [
        [
            -0.034216674139837054,
            0.07999666487981359
        ],
        [
            0.04590247084011126,
            -0.006421774284427929
        ],
        [
            0.048646629484917894,
            0.0013228651722222457
        ],
        [
            0.035824546529748987,
            -0.02819385254920857
        ],
        [
            0.03599825998235308,
            -0.056727520223433844
        ],
        [
            -0.05113886991359199,
            0.0013369236273631346
        ],
        [
            -0.05426672311365384,
            0.010974778319887253
        ],
        [
            -0.03329832580416545,
            0.018353078218954034
        ],
        [
            -0.050665598225325174,
            0.027759999072874783
        ],
        [
            -0.06048385721288488,
            0.0213490317362915
        ],
        [
            -0.119838080387082,
            0.11081540269594654
        ]
    ],
    "14": [
        [
            0.017899097485223215,
            0.05780189597566042
        ],
        [
            -0.0659020630936306,
            -0.029174664592401322
        ],
        [
            -0.07657249644116242,
            -0.06475494765925524
        ],
        [
            -0.08158936454933886,
            -0.05834066866617969
        ],
        [
            -0.06772806533550836,
            -0.022081967955613145
        ],
        [
            0.057799201167674896,
            0.022718594713685494
        ],
        [
            0.04824062837027123,
            0.0237006911123535
        ],
        [
            -0.00019872193984927388,
            -0.005601488549166407
        ],
        [
            0.009886848710557169,
            -0.006236682726458585
        ],
        [
            0.03850839769874976,
            0.01992554644502124
        ],
        [
            0.111882693755474,
            0.10751319344904864
        ]
    ]
}