{
    "16": [
        [
            -0.15440519903431285,
            -0.026262400232075066
        ],
        [
            -0.261621249552642,
            -0.022451002050167163
        ],
        [
            -0.35597767250351936,
            0.07570297093929158
        ],
        [
            -0.36649481954307417,
            0.13969642093687804
        ],
        [
            0.27165846948568506,
            0.059597021241629196
        ],
        [
            0.4052297668396244,
            -0.10726236399356268
        ],
        [
            0.4682332830308429,
            -0.23004371938388904
        ],
        [
            0.39920059581695383,
            -0.216904768838511
        ],
        [
            0.31054861318741567,
            -0.17546909203526437
        ]
    ],
    "13": [
        [
            -0.11127199786852476,
            0.06052387731649043
        ],
        [
            -0.165546673170438,
            0.07289318111908699
        ],
        [
            -0.16857492093489576,
            0.04348125807680737
        ],
        [
            -0.05548643663137459,
            -0.014223048416731278
        ],
        [
            0.18972368403361362,
            -0.07996756750533758
        ],
        [
            0.2840640491809879,
            -0.08240871738587682
        ],
        [
            0.1909579278828748,
            -0.05234793135948377
        ]
    ],
    "15": [
        [
            -0.20293615974197196,
            0.013766086567290116
        ],
        [
            -0.3142737107879391,
            0.018797025615795396
        ],
        [
            -0.34955808799804405,
            0.14625095283821377
        ],
        [
            -0.2274246469723972,
            0.16018365985476984
        ],
        [
            -0.005700168756331555,
            0.12285921723733054
        ],
        [
            0.24556902038369963,
            0.02886998713845329
        ],
        [
            0.4443032633568987,
            -0.08907715041566627
        ],
        [
            0.5759301788881543,
            -0.2100381379918784
        ],
        [
            0.4954172449438189,
            -0.19942955568815743
        ],
        [
            0.38328394634922125,
            -0.15940770758327333
        ]
    ]
}