{
    "16": [
        [
            -0.35254454540625424,
            0.07243373467810336
        ],
        [
            -0.42993850912894976,
            0.08801591228243584
        ],
        [
            -0.19768765576148858,
            -0.04945438806852886
        ],
        [
            0.3250142960155678,
            -0.1059053961468264
        ],
        [
            0.4621421867375884,
            0.02776369005353242
        ],
        [
            0.32129476544828917,
            0.03116681473268196
        ]
    ],
    "14": [
        [
            -0.24195409116972144,
            0.08420404886036797
        ],
        [
            0.2150321174760815,
            -0.07385892107267779
        ]
    ],
    "15": [
        [
            -0.1794438912533729,
            0.118623793420021
        ],
        [
            -0.21598208494916193,
            0.13432748162165586
        ],
        [
            -0.12278344190792578,
            0.06217746026735745
        ],
        [
            0.14485170638931236,
            -0.07878788259584268
        ],
        [
            0.1748982939407721,
            -0.10777214508070292
        ],
        [
            0.11312657318749146,
            -0.07264313812426539
        ]
    ]
}