{"13": [[-0.0825067455305313, 0.07158334848624483], [-0.03353390650395657, 0.026087866888808594], [0.002958910534582031, 0.018864157946587343], [0.03462228349786978, -0.00818361454577217], [0.07194459038904025, -0.08535956884224764], [-0.027532310681169084, 0.012019801721327703]], "14": [[-0.11851464816678321, 0.09432671068655758], [-0.15669122241244252, 0.043824834331569994], [-0.16045562308773256, 0.023300400689466844], [0.10405097119460592, -0.04131039613752674], [0.17626127106470496, -0.07522954544839906], [0.13252996966437888, 0.04359606124617248]], "15": [[-0.1498919569565355, 0.1150267166085503], [-0.06992374413900342, 0.04062977590340926], [0.05789854379491713, -0.02560501967244779], [0.11443820552179383, -0.09362097791256123], [-0.04192731965864469, 0.03110657876389502]], "16": [[-0.21430139441292914, 0.07838945405537803], [-0.20370706778904732, 0.004932176781738628], [-0.02316035140547128, -0.045193438617188456], [0.08982331295414224, -0.05070878357672301], [0.2571310890089797, -0.016238128887747075], [0.10986881512317978, 0.08448289116464197]]}