{
    "16": [
        [
            -0.21956727719475827,
            0.36494594442253125
        ],
        [
            -0.11861492545076753,
            0.16542599345109568
        ],
        [
            0.14052731415485822,
            -0.21974750930632
        ],
        [
            0.05271910481068508,
            -0.006494213092789955
        ]
    ],
    "14": [
        [
            -0.10356049948958859,
            0.323174397214143
        ],
        [
            -0.1022871117917231,
            0.2695838810589422
        ],
        [
            -0.02988811021769803,
            0.03842242779798975
        ],
        [
            0.1014646543119711,
            -0.2527286402910045
        ],
        [
            -0.005049740100350225,
            -0.009557111396521972
        ]
    ]
}