{"13": [[-0.0531266078370982, 0.20293942603504644], [0.017630001597881893, 0.059253307090431404], [0.02976841577813246, -0.1276897208106571], [0.02256000274749742, -0.15526567574603695], [0.00071155586904228, -0.04574178143963302], [-0.06293992559776927, 0.13315393476220766]], "15": [[0.0030635833804326185, 0.25963405291660985], [0.047268269390715996, 0.0631958420301036], [-0.02497870318172241, -0.18668101122474667], [-0.012162348381655603, -0.060230616419598676], [-0.03906086482955711, 0.16551944497590254]]}