{
    "16": [
        [
            0.05214480556397844,
            0.2563198084784149
        ],
        [
            0.0006918525475044894,
            0.19638303303040844
        ],
        [
            0.10146738751857957,
            0.030130397280383168
        ],
        [
            0.11611056463199203,
            -0.17660056428883802
        ],
        [
            0.07940056608824818,
            -0.29311883102777614
        ],
        [
            0.01884361479425521,
            -0.32960302359163884
        ],
        [
            -0.015972833923402138,
            -0.31699136635500796
        ],
        [
            -0.036970892913589716,
            -0.2858963781276569
        ],
        [
            -0.07550039166806663,
            -0.14721362157173795
        ],
        [
            -0.07180254944025098,
            -0.038103723098072896
        ],
        [
            -0.029603310769297307,
            0.13057219115160545
        ],
        [
            -0.00970975308359454,
            0.2801570534021565
        ],
        [
            -0.023092034912610127,
            0.27920045124439963
        ],
        [
            -0.008197275935242672,
            0.26391755576046516
        ],
        [
            0.06459476163421829,
            0.25497060030647695
        ]
    ],
    "15": [
        [
            -0.03244458978493384,
            0.2537585553734761
        ],
        [
            -0.005246601066989417,
            0.1917033432242255
        ],
        [
            -0.10707213352851049,
            0.04798131855634213
        ],
        [
            -0.135421347927268,
            -0.06147259762620609
        ],
        [
            -0.1288546782432449,
            -0.24353360360513956
        ],
        [
            -0.09741987030611157,
            -0.29034438790276473
        ],
        [
            -0.06373062621538067,
            -0.2965149552840515
        ],
        [
            -0.013324078684133277,
            -0.27836034184799696
        ],
        [
            0.08382221196646161,
            -0.17966260908235357
        ],
        [
            0.08539797577480909,
            -0.07536910320889778
        ],
        [
            0.026128290108076498,
            0.08151423825713085
        ],
        [
            0.03423508533954495,
            0.2774270336082646
        ],
        [
            0.016247870939261708,
            0.26131975638188704
        ],
        [
            -0.050450182813396506,
            0.26464262052946574
        ]
    ]
}