{
    "13": [
        [
            -0.09427298928376061,
            0.14945289171062526
        ],
        [
            0.003093950470798885,
            0.05150980994489503
        ],
        [
            0.005003999375668087,
            -0.18373516451185673
        ],
        [
            0.020763718514115362,
            -0.23405063662945852
        ],
        [
            0.052042605274564495,
            -0.24691349031095172
        ],
        [
            0.08566707352930171,
            -0.20366025273051303
        ],
        [
            0.09656198722759192,
            -0.1261616956700336
        ],
        [
            0.08640490920272939,
            -0.03156903240600216
        ],
        [
            -0.03432151903482532,
            0.10115515602338358
        ],
        [
            -0.04906368420656835,
            0.07615840707874576
        ],
        [
            -0.12741501325942683,
            0.1888575671318268
        ]
    ],
    "14": [
        [
            0.07364518740739333,
            0.17382981977328293
        ],
        [
            -0.01322076827232113,
            0.05796091463834761
        ],
        [
            -0.02931679094820438,
            -0.1721539379013016
        ],
        [
            -0.07416474818656446,
            -0.22117471022870253
        ],
        [
            -0.08729010475496872,
            -0.17906487805995638
        ],
        [
            -0.06715295639127294,
            -0.0906425529253004
        ],
        [
            0.033484514019596893,
            0.05652897111158447
        ],
        [
            0.04366232997339952,
            0.07657445867335595
        ],
        [
            0.028078454812061865,
            0.09089692543609566
        ],
        [
            0.11061803452434399,
            0.18891362599968753
        ]
    ],
    "15": [
        [
            -0.01841478469370312,
            0.2865519671501558
        ],
        [
            0.009048592538048152,
            0.21958043107027225
        ],
        [
            -0.09081954621666195,
            0.036154113160888776
        ],
        [
            -0.13974217012102672,
            -0.13297413409633224
        ],
        [
            -0.10041796065738391,
            -0.24981266723635115
        ],
        [
            -0.06777665509157649,
            -0.28023079890171504
        ],
        [
            -0.03096931277068928,
            -0.28829539455594894
        ],
        [
            0.014077893939746747,
            -0.2617792628994427
        ],
        [
            0.08242798629983328,
            -0.13110435600386225
        ],
        [
            0.0550266907790476,
            -0.04289847000006238
        ],
        [
            0.027488266886363605,
            0.25375382366476135
        ],
        [
            -0.04593556300915358,
            0.28265645940748374
        ]
    ]
}