{
    "13": [
        [
            0.10315044004216736,
            -0.15314479296498962
        ],
        [
            0.13552842981848343,
            -0.21330723871219368
        ],
        [
            0.11875284696054013,
            -0.22263287830282358
        ],
        [
            0.09789623726418005,
            -0.20446443173888196
        ],
        [
            -0.20234953415254614,
            0.3540128385702028
        ],
        [
            0.10749027074492468,
            -0.17904875703573686
        ]
    ],
    "15": [
        [
            0.14167209770440944,
            -0.014635767881114163
        ],
        [
            0.18912945748879298,
            -0.026322902852766596
        ],
        [
            0.19575694494514245,
            -0.0562805414135286
        ],
        [
            0.16594966473493689,
            -0.054610215096227786
        ],
        [
            -0.1833687711861449,
            0.046720017818548766
        ],
        [
            0.07096617009552067,
            -0.03497230902429635
        ]
    ],
    "16": [
        [
            -0.1520579372468283,
            -0.0159401695705123
        ],
        [
            -0.2035057330982451,
            -0.027614703961848588
        ],
        [
            -0.1868111468754661,
            -0.03443131264362639
        ],
        [
            -0.12070593472683709,
            0.021111472091709212
        ],
        [
            0.08594538417651072,
            0.03049734351586474
        ],
        [
            0.20450432469735683,
            0.015758599470578446
        ],
        [
            -0.03605067466798476,
            -0.020756761162669227
        ]
    ],
    "25": [
        [
            -0.08267785720861799,
            0.23528294271279537
        ],
        [
            -0.09773454631157091,
            0.316235425743794
        ],
        [
            -0.04975752813917566,
            0.2889518978907817
        ],
        [
            0.012456015107998823,
            0.05157935904715498
        ],
        [
            0.03428083619582455,
            -0.5376223593065734
        ],
        [
            0.05790946070476843,
            -0.47868268644396544
        ],
        [
            0.0849872145081843,
            -0.30889947089501696
        ],
        [
            0.07211738064548119,
            0.06600697450347023
        ],
        [
            -0.02388127352182646,
            0.27286383915849666
        ],
        [
            -0.040939016827284,
            0.19619985577949042
        ]
    ],
    "27": [
        [
            -0.06028175712697213,
            0.2888589080620578
        ],
        [
            -0.05395598633944494,
            0.38278533241692264
        ],
        [
            -0.019276206887471704,
            0.35581293689482935
        ],
        [
            0.03170609923105496,
            0.1368607305496469
        ],
        [
            0.04000048188128511,
            -0.15614765675837936
        ],
        [
            0.01626090732632885,
            -0.5682924874595688
        ],
        [
            0.005133831415521828,
            -0.34059090393117214
        ],
        [
            0.016792019038190675,
            0.25440266050904264
        ],
        [
            -0.0020633926248586386,
            0.31528095669190587
        ],
        [
            -0.023129715848305178,
            0.23545279013846793
        ]
    ]
}