{
    "16": [
        [
            -0.10622643305951164,
            -0.026179215420665813
        ],
        [
            -0.1494489708941223,
            -0.03377650287461209
        ],
        [
            -0.17538949194375783,
            0.04895664841423505
        ],
        [
            -0.12088310966937883,
            0.08894273381995028
        ],
        [
            0.07800458992057409,
            0.02727505203246324
        ],
        [
            0.186040364369029,
            -0.026162897220741173
        ],
        [
            0.11723582008214699,
            -0.01598508438418003
        ]
    ],
    "26": [
        [
            -0.01681843178653246,
            0.2571558406883824
        ],
        [
            -0.025329236446109855,
            0.34519875984517323
        ],
        [
            -0.03225919333083363,
            0.3272125231333898
        ],
        [
            -0.025630720922027218,
            0.12438701554889306
        ],
        [
            0.013583508111849775,
            -0.29870343866828003
        ],
        [
            0.08461181336712378,
            -0.5773749720738414
        ],
        [
            0.05803921985862989,
            -0.3138900532773857
        ],
        [
            -0.055698689782800924,
            0.2947581414164228
        ],
        [
            -0.032580330894493366,
            0.22226762934385816
        ]
    ],
    "28": [
        [
            -0.01202833052690427,
            0.26544679412431504
        ],
        [
            0.004468249405774046,
            -0.16058029902903545
        ],
        [
            0.034674024156524326,
            -0.397399721851438
        ],
        [
            0.07582210752977078,
            -0.5372004561970255
        ],
        [
            -0.04713945228775868,
            0.0677792336726196
        ],
        [
            -0.04597593243089966,
            0.2826631185304874
        ],
        [
            -0.032692046887906126,
            0.22961914674016481
        ]
    ],
    "14": [
        [
            -0.06068548154680128,
            -0.11810418239403331
        ],
        [
            -0.08291099004233048,
            -0.16059738458472733
        ],
        [
            -0.07413358948592831,
            -0.050409915604062605
        ],
        [
            -0.0377928518203863,
            0.02121500720536279
        ],
        [
            0.22253829451681795,
            0.29131723850355545
        ],
        [
            -0.06712405664731494,
            -0.07948337167451186
        ]
    ]
}