{
    "25": [
        [
            0.025973705669080187,
            0.09860977193572948
        ],
        [
            0.037842938324546625,
            0.13598595845757167
        ],
        [
            -0.005440203907867987,
            0.0920601392611232
        ],
        [
            -0.017959247632758107,
            -0.17288054700605127
        ]
    ],
    "26": [
        [
            0.019359338531878892,
            0.04530153443745845
        ],
        [
            -0.0003075559071670218,
            0.13753317514300356
        ],
        [
            -0.016199150041773684,
            0.08632251319667522
        ],
        [
            -0.0062801890406044315,
            -0.16909184414520406
        ],
        [
            0.010810670329558457,
            -0.1403354002305796
        ],
        [
            0.01990599207282837,
            -0.014686207315278447
        ],
        [
            -0.0019524693269500643,
            -0.1449289905974881
        ],
        [
            -0.01735561390391026,
            -0.09826371887558386
        ],
        [
            -0.012093638844746929,
            0.0881010691857645
        ],
        [
            -0.002435415611072826,
            0.1435162678039999
        ],
        [
            0.00472371357633869,
            0.10039089713444692
        ]
    ]
}