{
    "16": [
        [
            0.15228156079669444,
            0.12003000768729062
        ],
        [
            0.08649643746363089,
            -0.0217334834953216
        ],
        [
            -0.12887403090763988,
            -0.01787660947247925
        ],
        [
            0.08643828911909539,
            -0.01669025457072376
        ],
        [
            0.16904020847323048,
            0.1411719310855215
        ]
    ],
    "28": [
        [
            0.04453224940960458,
            -0.10699483820529371
        ],
        [
            0.010781590591356829,
            -0.0005015165441901951
        ],
        [
            -0.007147669190883534,
            0.03685712912160695
        ],
        [
            -0.015769110272083893,
            0.026965248689617853
        ],
        [
            0.04656135458237838,
            -0.1408305364636652
        ]
    ],
    "14": [
        [
            0.07853324847967548,
            0.08054541741554094
        ],
        [
            -0.005277169120566,
            -0.014747342291345958
        ],
        [
            -0.040796223364399704,
            -0.018567530551713795
        ],
        [
            0.01972629139203509,
            -0.0028951301302557507
        ],
        [
            0.12092140286177393,
            0.09841082343595023
        ]
    ]
}