{
    "16": [
        [
            0.15119145324568703,
            0.12564438247430657
        ],
        [
            0.08514469751270917,
            -0.01581352907558287
        ],
        [
            -0.127515817213621,
            -0.01552375081361182
        ],
        [
            0.08653201734486117,
            -0.029088801201278297
        ],
        [
            0.17645713665361204,
            0.12953912254324865
        ]
    ],
    "27": [
        [
            -0.011422941932599797,
            -0.16159248106038282
        ],
        [
            0.009562501288819029,
            -0.007285330933855645
        ],
        [
            -0.006489575785509132,
            0.04354986073800932
        ],
        [
            0.007736460227988039,
            0.024675581466942556
        ],
        [
            -0.017625389833381633,
            -0.18526899411402603
        ]
    ]
}