{
    "16": [
        [
            0.15776371920604965,
            0.12193835084528304
        ],
        [
            0.10214829256963286,
            0.002502810149357671
        ],
        [
            0.06965340820038286,
            -0.01958345902898532
        ],
        [
            0.00029928461092752334,
            -0.03694665151343675
        ],
        [
            -0.04412361641864437,
            -0.038040580143459124
        ],
        [
            -0.08581311341775821,
            -0.02757440122792147
        ],
        [
            -0.13802304726454728,
            -0.0020589320763221633
        ],
        [
            -0.11019379226431382,
            -0.0169539523073195
        ],
        [
            0.0004457138506683226,
            -0.038447787290149214
        ],
        [
            0.1161738374052487,
            0.023390898646254887
        ],
        [
            0.17648955924742146,
            0.15787711631794654
        ]
    ],
    "14": [
        [
            0.09286753716399641,
            0.0726396536126557
        ],
        [
            0.0013974327440606264,
            -0.004192984450758469
        ],
        [
            -0.008105776092113244,
            -0.02861013766617905
        ],
        [
            -0.045072133938974565,
            0.0015636101328350231
        ],
        [
            -0.0008955175457805021,
            -0.019360669554106272
        ],
        [
            0.027859939001309637,
            0.01906433767321808
        ],
        [
            0.12050429976850775,
            0.1038311098975399
        ]
    ]
}